nombre,email,telefono,empresa,cargo,sector,empleados,actividad
Ana García,ana@techcorp.com,+34 612 34 56 78,TechCorp,Directora de Compras,Tecnología,200,Rellenó formulario de demo
Luis Pérez,luis@datasoft.com,+34 699 88 77 66,DataSoft,CEO,Software,150,Descargó whitepaper
María Núñez,maria@bancosur.com,+34 611 22 33 44,Banco Sur,Responsable de Marketing,Banca,300,Visitó la web 3 veces
Jürgen Müller,jurgen@saasco.de,+34 600 11 22 33,SaaSCo,CTO,SaaS,80,pidió una reunión
Pedro Ruiz,pedro@barpepe.com,+34 622 33 44 55,Bar Pepe,Camarero,Hostelería,4,
Sofía Romero,sofia@consultia.com,+34 633 44 55 66,Consultia,Coordinadora,Consultoría,500,abrió email
Carlos Vega,carlos@megacorp.com,+34 644 55 66 77,MegaCorp,Becario,Tecnología,9000,
Laura Gil,laura@startix.com,+34 655 66 77 88,Startix,Founder,Fintech,25,Solicitó presupuesto
Diego Roto,diego@@mal,123,GranTech,Director General,Software,400,pidió demo
